ID,Sunday,Monday,Tuesday,Wednesday,Thursday,Friday,Saturday,Date,Participants,Completed questionnaires,Created diary studies,Psychologie magazine,Volkskrant magazine,Nieuwsbrief,Lezingen
1,1,0,0,0,0,0,0,1-12-2013,0,0,0,0,0,0,0
2,0,1,0,0,0,0,0,2-12-2013,0,0,0,0,0,0,0
3,0,0,1,0,0,0,0,3-12-2013,0,0,0,0,0,0,0
4,0,0,0,1,0,0,0,4-12-2013,0,0,0,0,0,0,0
5,0,0,0,0,1,0,0,5-12-2013,0,0,0,0,0,0,0
6,0,0,0,0,0,1,0,6-12-2013,0,0,0,0,0,0,0
7,0,0,0,0,0,0,1,7-12-2013,0,0,0,0,0,0,0
8,1,0,0,0,0,0,0,8-12-2013,0,0,0,0,0,0,0
9,0,1,0,0,0,0,0,9-12-2013,0,0,0,0,0,0,0
10,0,0,1,0,0,0,0,10-12-2013,6,16,0,0,0,0,0
11,0,0,0,1,0,0,0,11-12-2013,14,37,0,0,0,0,0
12,0,0,0,0,1,0,0,12-12-2013,4,8,0,0,0,0,0
13,0,0,0,0,0,1,0,13-12-2013,1,4,0,0,0,0,0
14,0,0,0,0,0,0,1,14-12-2013,0,0,0,0,0,0,0
15,1,0,0,0,0,0,0,15-12-2013,1,3,0,0,0,0,0
16,0,1,0,0,0,0,0,16-12-2013,2,12,0,0,0,0,0
17,0,0,1,0,0,0,0,17-12-2013,3,16,0,0,0,0,0
18,0,0,0,1,0,0,0,18-12-2013,9,30,0,0,0,0,0
19,0,0,0,0,1,0,0,19-12-2013,35,116,0,1,0,0,0
20,0,0,0,0,0,1,0,20-12-2013,737,2502,0,1,0,0,0
21,0,0,0,0,0,0,1,21-12-2013,232,958,0,1,0,0,0
22,1,0,0,0,0,0,0,22-12-2013,129,511,0,1,0,0,0
23,0,1,0,0,0,0,0,23-12-2013,157,528,0,1,0,0,0
24,0,0,1,0,0,0,0,24-12-2013,80,308,0,0,0,0,0
25,0,0,0,1,0,0,0,25-12-2013,44,170,0,0,0,0,0
26,0,0,0,0,1,0,0,26-12-2013,44,163,0,0,0,0,0
27,0,0,0,0,0,1,0,27-12-2013,79,297,0,0,0,0,0
28,0,0,0,0,0,0,1,28-12-2013,35,142,0,0,0,0,0
29,1,0,0,0,0,0,0,29-12-2013,59,225,0,0,0,0,0
30,0,1,0,0,0,0,0,30-12-2013,51,193,0,0,0,0,0
31,0,0,1,0,0,0,0,31-12-2013,21,70,0,0,0,0,0
32,0,0,0,1,0,0,0,1-1-2014,31,112,0,0,0,0,0
33,0,0,0,0,1,0,0,2-1-2014,32,105,0,0,0,0,0
34,0,0,0,0,0,1,0,3-1-2014,27,106,0,0,0,0,0
35,0,0,0,0,0,0,1,4-1-2014,26,106,0,0,0,0,0
36,1,0,0,0,0,0,0,5-1-2014,30,115,0,0,0,0,0
37,0,1,0,0,0,0,0,6-1-2014,30,123,0,0,0,0,0
38,0,0,1,0,0,0,0,7-1-2014,50,178,0,0,0,0,0
39,0,0,0,1,0,0,0,8-1-2014,37,140,0,0,0,0,0
40,0,0,0,0,1,0,0,9-1-2014,22,80,0,0,0,0,0
41,0,0,0,0,0,1,0,10-1-2014,20,57,0,0,0,0,0
42,0,0,0,0,0,0,1,11-1-2014,27,99,0,0,0,0,0
43,1,0,0,0,0,0,0,12-1-2014,22,89,0,0,0,0,0
44,0,1,0,0,0,0,0,13-1-2014,22,89,0,0,0,0,0
45,0,0,1,0,0,0,0,14-1-2014,41,133,0,0,0,0,0
46,0,0,0,1,0,0,0,15-1-2014,19,86,0,0,0,0,0
47,0,0,0,0,1,0,0,16-1-2014,11,47,0,0,0,0,0
48,0,0,0,0,0,1,0,17-1-2014,11,25,0,0,0,0,0
49,0,0,0,0,0,0,1,18-1-2014,16,60,0,0,0,0,0
50,1,0,0,0,0,0,0,19-1-2014,21,75,0,0,0,0,0
51,0,1,0,0,0,0,0,20-1-2014,9,40,0,0,0,0,0
52,0,0,1,0,0,0,0,21-1-2014,16,52,0,0,0,0,0
53,0,0,0,1,0,0,0,22-1-2014,15,50,0,0,0,0,0
54,0,0,0,0,1,0,0,23-1-2014,14,67,0,0,0,0,0
55,0,0,0,0,0,1,0,24-1-2014,11,38,0,0,0,0,0
56,0,0,0,0,0,0,1,25-1-2014,8,39,0,0,0,0,0
57,1,0,0,0,0,0,0,26-1-2014,13,48,0,0,0,0,0
58,0,1,0,0,0,0,0,27-1-2014,6,42,0,0,0,0,0
59,0,0,1,0,0,0,0,28-1-2014,7,25,0,0,0,0,0
60,0,0,0,1,0,0,0,29-1-2014,7,28,0,0,0,0,0
61,0,0,0,0,1,0,0,30-1-2014,6,33,0,0,0,0,0
62,0,0,0,0,0,1,0,31-1-2014,7,29,0,0,0,0,0
63,0,0,0,0,0,0,1,1-2-2014,5,19,0,0,0,0,0
64,1,0,0,0,0,0,0,2-2-2014,13,53,0,0,0,0,0
65,0,1,0,0,0,0,0,3-2-2014,4,16,0,0,0,0,0
66,0,0,1,0,0,0,0,4-2-2014,6,15,0,0,0,0,0
67,0,0,0,1,0,0,0,5-2-2014,10,30,0,0,0,0,0
68,0,0,0,0,1,0,0,6-2-2014,4,28,0,0,0,0,0
69,0,0,0,0,0,1,0,7-2-2014,13,47,0,0,0,0,0
70,0,0,0,0,0,0,1,8-2-2014,3,19,0,0,0,0,0
71,1,0,0,0,0,0,0,9-2-2014,12,36,0,0,0,0,0
72,0,1,0,0,0,0,0,10-2-2014,4,20,0,0,0,0,0
73,0,0,1,0,0,0,0,11-2-2014,8,18,0,0,0,0,0
74,0,0,0,1,0,0,0,12-2-2014,9,33,0,0,0,0,0
75,0,0,0,0,1,0,0,13-2-2014,3,15,0,0,0,0,0
76,0,0,0,0,0,1,0,14-2-2014,3,13,0,0,0,0,0
77,0,0,0,0,0,0,1,15-2-2014,5,13,0,0,0,0,0
78,1,0,0,0,0,0,0,16-2-2014,5,21,0,0,0,0,0
79,0,1,0,0,0,0,0,17-2-2014,2,16,0,0,0,0,0
80,0,0,1,0,0,0,0,18-2-2014,4,14,0,0,0,0,0
81,0,0,0,1,0,0,0,19-2-2014,4,9,0,0,0,0,0
82,0,0,0,0,1,0,0,20-2-2014,5,15,0,0,0,0,0
83,0,0,0,0,0,1,0,21-2-2014,4,20,0,0,0,0,0
84,0,0,0,0,0,0,1,22-2-2014,5,22,0,0,0,0,0
85,1,0,0,0,0,0,0,23-2-2014,5,20,0,0,0,0,0
86,0,1,0,0,0,0,0,24-2-2014,3,13,0,0,0,0,0
87,0,0,1,0,0,0,0,25-2-2014,2,15,0,0,0,0,0
88,0,0,0,1,0,0,0,26-2-2014,1,7,0,0,0,0,0
89,0,0,0,0,1,0,0,27-2-2014,4,9,0,0,0,0,0
90,0,0,0,0,0,1,0,28-2-2014,6,31,0,0,0,0,0
91,0,0,0,0,0,0,1,1-3-2014,1,8,0,0,0,0,0
92,1,0,0,0,0,0,0,2-3-2014,5,16,0,0,0,0,0
93,0,1,0,0,0,0,0,3-3-2014,3,9,0,0,0,0,0
94,0,0,1,0,0,0,0,4-3-2014,13,56,0,0,0,0,0
95,0,0,0,1,0,0,0,5-3-2014,14,41,0,0,0,0,0
96,0,0,0,0,1,0,0,6-3-2014,12,62,0,0,0,0,0
97,0,0,0,0,0,1,0,7-3-2014,10,38,0,0,0,0,0
98,0,0,0,0,0,0,1,8-3-2014,2,4,0,0,0,0,0
99,1,0,0,0,0,0,0,9-3-2014,6,29,0,0,0,0,0
100,0,1,0,0,0,0,0,10-3-2014,1,5,0,0,0,0,0
101,0,0,1,0,0,0,0,11-3-2014,1,6,0,0,0,0,0
102,0,0,0,1,0,0,0,12-3-2014,3,5,0,0,0,0,0
103,0,0,0,0,1,0,0,13-3-2014,5,16,0,0,0,0,0
104,0,0,0,0,0,1,0,14-3-2014,4,21,0,0,0,0,0
105,0,0,0,0,0,0,1,15-3-2014,1,7,0,0,0,0,0
106,1,0,0,0,0,0,0,16-3-2014,6,18,0,0,0,0,0
107,0,1,0,0,0,0,0,17-3-2014,1,12,0,0,0,0,0
108,0,0,1,0,0,0,0,18-3-2014,5,18,0,0,0,0,0
109,0,0,0,1,0,0,0,19-3-2014,7,28,0,0,0,0,0
110,0,0,0,0,1,0,0,20-3-2014,1,6,0,0,0,0,0
111,0,0,0,0,0,1,0,21-3-2014,2,12,0,0,0,0,0
112,0,0,0,0,0,0,1,22-3-2014,4,10,0,0,0,0,0
113,1,0,0,0,0,0,0,23-3-2014,4,12,0,0,0,0,0
114,0,1,0,0,0,0,0,24-3-2014,7,408,0,0,0,0,0
115,0,0,1,0,0,0,0,25-3-2014,17,399,0,0,0,0,0
116,0,0,0,1,0,0,0,26-3-2014,9,173,0,0,0,0,0
117,0,0,0,0,1,0,0,27-3-2014,8,69,0,0,0,0,0
118,0,0,0,0,0,1,0,28-3-2014,1,12,0,0,0,0,0
119,0,0,0,0,0,0,1,29-3-2014,2,34,0,0,0,0,0
120,1,0,0,0,0,0,0,30-3-2014,1,19,0,0,0,0,0
121,0,1,0,0,0,0,0,31-3-2014,3,21,0,0,0,0,0
122,0,0,1,0,0,0,0,1-4-2014,1,18,0,0,0,0,0
123,0,0,0,1,0,0,0,2-4-2014,4,26,0,0,0,0,0
124,0,0,0,0,1,0,0,3-4-2014,3,14,0,0,0,0,0
125,0,0,0,0,0,1,0,4-4-2014,4,27,0,0,0,0,0
126,0,0,0,0,0,0,1,5-4-2014,3,7,0,0,0,0,0
127,1,0,0,0,0,0,0,6-4-2014,2,8,0,0,0,0,0
128,0,1,0,0,0,0,0,7-4-2014,6,36,0,0,0,0,0
129,0,0,1,0,0,0,0,8-4-2014,1,7,0,0,0,0,0
130,0,0,0,1,0,0,0,9-4-2014,3,12,0,0,0,0,0
131,0,0,0,0,1,0,0,10-4-2014,4,25,0,0,0,0,0
132,0,0,0,0,0,1,0,11-4-2014,8,38,0,0,0,0,0
133,0,0,0,0,0,0,1,12-4-2014,6,22,0,0,0,0,0
134,1,0,0,0,0,0,0,13-4-2014,8,46,0,0,0,0,0
135,0,1,0,0,0,0,0,14-4-2014,10,53,0,0,0,0,0
136,0,0,1,0,0,0,0,15-4-2014,4,27,0,0,0,0,0
137,0,0,0,1,0,0,0,16-4-2014,6,12,0,0,0,0,0
138,0,0,0,0,1,0,0,17-4-2014,2,10,0,0,0,0,0
139,0,0,0,0,0,1,0,18-4-2014,6,22,0,0,0,0,0
140,0,0,0,0,0,0,1,19-4-2014,1952,8482,0,0,1,0,0
141,1,0,0,0,0,0,0,20-4-2014,1424,6739,0,0,0,0,0
142,0,1,0,0,0,0,0,21-4-2014,1653,8371,0,0,0,0,0
143,0,0,1,0,0,0,0,22-4-2014,491,2458,0,0,0,0,0
144,0,0,0,1,0,0,0,23-4-2014,1143,4337,0,0,0,0,0
145,0,0,0,0,1,0,0,24-4-2014,312,1460,0,0,0,0,0
146,0,0,0,0,0,1,0,25-4-2014,156,765,0,0,0,0,0
147,0,0,0,0,0,0,1,26-4-2014,114,612,0,0,0,0,0
148,1,0,0,0,0,0,0,27-4-2014,190,1001,0,0,0,0,0
149,0,1,0,0,0,0,0,28-4-2014,111,639,0,0,0,0,0
150,0,0,1,0,0,0,0,29-4-2014,102,527,0,0,0,0,0
151,0,0,0,1,0,0,0,30-4-2014,57,322,0,0,0,0,0
152,0,0,0,0,1,0,0,1-5-2014,67,389,0,0,0,0,0
153,0,0,0,0,0,1,0,2-5-2014,43,209,0,0,0,0,0
154,0,0,0,0,0,0,1,3-5-2014,38,249,0,0,0,0,0
155,1,0,0,0,0,0,0,4-5-2014,51,243,0,0,0,0,0
156,0,1,0,0,0,0,0,5-5-2014,54,284,0,0,0,0,0
157,0,0,1,0,0,0,0,6-5-2014,35,230,0,0,0,0,0
158,0,0,0,1,0,0,0,7-5-2014,22,153,0,0,0,0,0
159,0,0,0,0,1,0,0,8-5-2014,37,157,0,0,0,0,0
160,0,0,0,0,0,1,0,9-5-2014,30,181,0,0,0,0,0
161,0,0,0,0,0,0,1,10-5-2014,28,145,0,0,0,0,0
162,1,0,0,0,0,0,0,11-5-2014,44,253,0,0,0,0,0
163,0,1,0,0,0,0,0,12-5-2014,30,141,0,0,0,0,0
164,0,0,1,0,0,0,0,13-5-2014,21,82,0,0,0,0,0
165,0,0,0,1,0,0,0,14-5-2014,19,103,0,0,0,0,0
166,0,0,0,0,1,0,0,15-5-2014,29,112,0,0,0,0,0
167,0,0,0,0,0,1,0,16-5-2014,20,114,0,0,0,0,0
168,0,0,0,0,0,0,1,17-5-2014,20,61,0,0,0,0,0
169,1,0,0,0,0,0,0,18-5-2014,33,144,0,0,0,0,0
170,0,1,0,0,0,0,0,19-5-2014,25,102,0,0,0,0,0
171,0,0,1,0,0,0,0,20-5-2014,28,121,0,0,0,0,0
172,0,0,0,1,0,0,0,21-5-2014,20,83,0,0,0,0,0
173,0,0,0,0,1,0,0,22-5-2014,27,121,9,0,0,0,0
174,0,0,0,0,0,1,0,23-5-2014,30,133,11,0,0,0,0
175,0,0,0,0,0,0,1,24-5-2014,62,242,11,0,0,0,0
176,1,0,0,0,0,0,0,25-5-2014,48,233,14,0,0,0,0
177,0,1,0,0,0,0,0,26-5-2014,25,126,8,0,0,0,0
178,0,0,1,0,0,0,0,27-5-2014,20,81,3,0,0,0,0
179,0,0,0,1,0,0,0,28-5-2014,28,99,7,0,0,0,0
180,0,0,0,0,1,0,0,29-5-2014,35,174,6,0,0,0,0
181,0,0,0,0,0,1,0,30-5-2014,18,104,2,0,0,0,0
182,0,0,0,0,0,0,1,31-5-2014,11,42,3,0,0,0,0
183,1,0,0,0,0,0,0,1-6-2014,19,83,8,0,0,0,0
184,0,1,0,0,0,0,0,2-6-2014,20,80,3,0,0,0,0
185,0,0,1,0,0,0,0,3-6-2014,20,87,5,0,0,0,0
186,0,0,0,1,0,0,0,4-6-2014,8,44,4,0,0,0,0
187,0,0,0,0,1,0,0,5-6-2014,13,67,3,0,0,0,0
188,0,0,0,0,0,1,0,6-6-2014,12,38,4,0,0,0,0
189,0,0,0,0,0,0,1,7-6-2014,19,47,5,0,0,0,0
190,1,0,0,0,0,0,0,8-6-2014,15,62,6,0,0,0,0
191,0,1,0,0,0,0,0,9-6-2014,27,83,6,0,0,0,0
192,0,0,1,0,0,0,0,10-6-2014,15,85,3,0,0,0,0
193,0,0,0,1,0,0,0,11-6-2014,9,51,3,0,0,0,0
194,0,0,0,0,1,0,0,12-6-2014,6,21,5,0,0,0,0
195,0,0,0,0,0,1,0,13-6-2014,12,42,3,0,0,0,0
196,0,0,0,0,0,0,1,14-6-2014,7,32,1,0,0,0,0
197,1,0,0,0,0,0,0,15-6-2014,13,66,3,0,0,0,0
198,0,1,0,0,0,0,0,16-6-2014,9,31,0,0,0,0,0
199,0,0,1,0,0,0,0,17-6-2014,10,53,3,0,0,0,0
200,0,0,0,1,0,0,0,18-6-2014,10,52,1,0,0,0,0
201,0,0,0,0,1,0,0,19-6-2014,5,35,0,0,0,0,0
202,0,0,0,0,0,1,0,20-6-2014,13,52,5,0,0,0,0
203,0,0,0,0,0,0,1,21-6-2014,5,17,1,0,0,0,0
204,1,0,0,0,0,0,0,22-6-2014,10,23,1,0,0,0,0
205,0,1,0,0,0,0,0,23-6-2014,4,21,1,0,0,0,0
206,0,0,1,0,0,0,0,24-6-2014,7,45,1,0,0,0,0
207,0,0,0,1,0,0,0,25-6-2014,4,30,2,0,0,0,0
208,0,0,0,0,1,0,0,26-6-2014,8,26,1,0,0,0,0
209,0,0,0,0,0,1,0,27-6-2014,6,31,2,0,0,0,0
210,0,0,0,0,0,0,1,28-6-2014,2,24,0,0,0,0,0
211,1,0,0,0,0,0,0,29-6-2014,6,20,2,0,0,0,0
212,0,1,0,0,0,0,0,30-6-2014,8,43,5,0,0,0,0
213,0,0,1,0,0,0,0,1-7-2014,11,51,5,0,0,0,0
214,0,0,0,1,0,0,0,2-7-2014,5,34,3,0,0,0,0
215,0,0,0,0,1,0,0,3-7-2014,3,16,0,0,0,0,0
216,0,0,0,0,0,1,0,4-7-2014,4,11,2,0,0,0,0
217,0,0,0,0,0,0,1,5-7-2014,0,5,0,0,0,0,0
218,1,0,0,0,0,0,0,6-7-2014,4,14,2,0,0,0,0
219,0,1,0,0,0,0,0,7-7-2014,11,300,65,0,0,1,0
220,0,0,1,0,0,0,0,8-7-2014,17,199,53,0,0,0,0
221,0,0,0,1,0,0,0,9-7-2014,15,144,9,0,0,0,0
222,0,0,0,0,1,0,0,10-7-2014,6,63,7,0,0,0,0
223,0,0,0,0,0,1,0,11-7-2014,5,55,4,0,0,0,0
224,0,0,0,0,0,0,1,12-7-2014,5,44,4,0,0,0,0
225,1,0,0,0,0,0,0,13-7-2014,2,34,2,0,0,0,0
226,0,1,0,0,0,0,0,14-7-2014,4,28,3,0,0,0,0
227,0,0,1,0,0,0,0,15-7-2014,9,53,3,0,0,0,0
228,0,0,0,1,0,0,0,16-7-2014,7,39,2,0,0,0,0
229,0,0,0,0,1,0,0,17-7-2014,4,18,2,0,0,0,0
230,0,0,0,0,0,1,0,18-7-2014,3,20,0,0,0,0,0
231,0,0,0,0,0,0,1,19-7-2014,3,21,2,0,0,0,0
232,1,0,0,0,0,0,0,20-7-2014,2,25,2,0,0,0,0
233,0,1,0,0,0,0,0,21-7-2014,2,15,5,0,0,0,0
234,0,0,1,0,0,0,0,22-7-2014,2,9,4,0,0,0,0
235,0,0,0,1,0,0,0,23-7-2014,5,24,1,0,0,0,0
236,0,0,0,0,1,0,0,24-7-2014,4,26,1,0,0,0,0
237,0,0,0,0,0,1,0,25-7-2014,4,9,0,0,0,0,0
238,0,0,0,0,0,0,1,26-7-2014,3,26,2,0,0,0,0
239,1,0,0,0,0,0,0,27-7-2014,5,16,0,0,0,0,0
240,0,1,0,0,0,0,0,28-7-2014,6,20,2,0,0,0,0
241,0,0,1,0,0,0,0,29-7-2014,3,23,3,0,0,0,0
242,0,0,0,1,0,0,0,30-7-2014,1,15,1,0,0,0,0
243,0,0,0,0,1,0,0,31-7-2014,5,28,3,0,0,0,0
244,0,0,0,0,0,1,0,1-8-2014,1,17,2,0,0,0,0
245,0,0,0,0,0,0,1,2-8-2014,3,15,0,0,0,0,0
246,1,0,0,0,0,0,0,3-8-2014,2,8,2,0,0,0,0
247,0,1,0,0,0,0,0,4-8-2014,5,22,4,0,0,0,0
248,0,0,1,0,0,0,0,5-8-2014,3,31,2,0,0,0,0
249,0,0,0,1,0,0,0,6-8-2014,3,6,0,0,0,0,0
250,0,0,0,0,1,0,0,7-8-2014,2,13,3,0,0,0,0
251,0,0,0,0,0,1,0,8-8-2014,4,18,1,0,0,0,0
252,0,0,0,0,0,0,1,9-8-2014,4,11,2,0,0,0,0
253,1,0,0,0,0,0,0,10-8-2014,8,15,3,0,0,0,0
254,0,1,0,0,0,0,0,11-8-2014,1,20,2,0,0,0,0
255,0,0,1,0,0,0,0,12-8-2014,2,21,1,0,0,0,0
256,0,0,0,1,0,0,0,13-8-2014,3,11,2,0,0,0,0
257,0,0,0,0,1,0,0,14-8-2014,5,35,3,0,0,0,0
258,0,0,0,0,0,1,0,15-8-2014,8,34,5,0,0,0,0
259,0,0,0,0,0,0,1,16-8-2014,2,12,2,0,0,0,0
260,1,0,0,0,0,0,0,17-8-2014,5,18,2,0,0,0,0
261,0,1,0,0,0,0,0,18-8-2014,4,31,3,0,0,0,0
262,0,0,1,0,0,0,0,19-8-2014,5,20,0,0,0,0,0
263,0,0,0,1,0,0,0,20-8-2014,6,25,2,0,0,0,0
264,0,0,0,0,1,0,0,21-8-2014,2,17,0,0,0,0,0
265,0,0,0,0,0,1,0,22-8-2014,2,13,1,0,0,0,0
266,0,0,0,0,0,0,1,23-8-2014,4,20,1,0,0,0,0
267,1,0,0,0,0,0,0,24-8-2014,5,17,1,0,0,0,0
268,0,1,0,0,0,0,0,25-8-2014,4,13,1,0,0,0,0
269,0,0,1,0,0,0,0,26-8-2014,0,10,1,0,0,0,0
270,0,0,0,1,0,0,0,27-8-2014,6,31,2,0,0,0,0
271,0,0,0,0,1,0,0,28-8-2014,5,31,2,0,0,0,0
272,0,0,0,0,0,1,0,29-8-2014,3,26,1,0,0,0,0
273,0,0,0,0,0,0,1,30-8-2014,2,6,2,0,0,0,0
274,1,0,0,0,0,0,0,31-8-2014,5,31,4,0,0,0,0
275,0,1,0,0,0,0,0,1-9-2014,5,23,1,0,0,0,0
276,0,0,1,0,0,0,0,2-9-2014,9,29,4,0,0,0,0
277,0,0,0,1,0,0,0,3-9-2014,2,2,1,0,0,0,0
278,0,0,0,0,1,0,0,4-9-2014,3,10,1,0,0,0,0
279,0,0,0,0,0,1,0,5-9-2014,2,15,2,0,0,0,0
280,0,0,0,0,0,0,1,6-9-2014,2,7,2,0,0,0,0
281,1,0,0,0,0,0,0,7-9-2014,4,18,2,0,0,0,0
282,0,1,0,0,0,0,0,8-9-2014,2,7,1,0,0,0,0
283,0,0,1,0,0,0,0,9-9-2014,2,7,0,0,0,0,0
284,0,0,0,1,0,0,0,10-9-2014,7,15,1,0,0,0,0
285,0,0,0,0,1,0,0,11-9-2014,7,26,2,0,0,0,0
286,0,0,0,0,0,1,0,12-9-2014,0,4,1,0,0,0,0
287,0,0,0,0,0,0,1,13-9-2014,5,10,1,0,0,0,0
288,1,0,0,0,0,0,0,14-9-2014,2,14,2,0,0,0,0
289,0,1,0,0,0,0,0,15-9-2014,9,27,1,0,0,0,0
290,0,0,1,0,0,0,0,16-9-2014,4,6,0,0,0,0,0
291,0,0,0,1,0,0,0,17-9-2014,4,18,1,0,0,0,0
292,0,0,0,0,1,0,0,18-9-2014,4,8,0,0,0,0,0
293,0,0,0,0,0,1,0,19-9-2014,1,2,0,0,0,0,0
294,0,0,0,0,0,0,1,20-9-2014,2,21,2,0,0,0,0
295,1,0,0,0,0,0,0,21-9-2014,3,9,1,0,0,0,0
296,0,1,0,0,0,0,0,22-9-2014,3,10,0,0,0,0,0
297,0,0,1,0,0,0,0,23-9-2014,2,7,0,0,0,0,0
298,0,0,0,1,0,0,0,24-9-2014,2,14,1,0,0,0,0
299,0,0,0,0,1,0,0,25-9-2014,4,16,2,0,0,0,0
300,0,0,0,0,0,1,0,26-9-2014,4,30,4,0,0,0,0
301,0,0,0,0,0,0,1,27-9-2014,1,4,0,0,0,0,0
302,1,0,0,0,0,0,0,28-9-2014,1,4,0,0,0,0,0
303,0,1,0,0,0,0,0,29-9-2014,2,16,1,0,0,0,0
304,0,0,1,0,0,0,0,30-9-2014,7,29,2,0,0,0,0
305,0,0,0,1,0,0,0,1-10-2014,4,18,1,0,0,0,0
306,0,0,0,0,1,0,0,2-10-2014,1,27,2,0,0,0,0
307,0,0,0,0,0,1,0,3-10-2014,4,22,0,0,0,0,0
308,0,0,0,0,0,0,1,4-10-2014,2,23,1,0,0,0,0
309,1,0,0,0,0,0,0,5-10-2014,3,21,1,0,0,0,0
310,0,1,0,0,0,0,0,6-10-2014,4,13,1,0,0,0,0
311,0,0,1,0,0,0,0,7-10-2014,0,8,0,0,0,0,0
312,0,0,0,1,0,0,0,8-10-2014,3,19,1,0,0,0,0
313,0,0,0,0,1,0,0,9-10-2014,4,31,3,0,0,0,0
314,0,0,0,0,0,1,0,10-10-2014,2,13,1,0,0,0,0
315,0,0,0,0,0,0,1,11-10-2014,1,6,0,0,0,0,0
316,1,0,0,0,0,0,0,12-10-2014,1,7,0,0,0,0,0
317,0,1,0,0,0,0,0,13-10-2014,4,25,0,0,0,0,0
318,0,0,1,0,0,0,0,14-10-2014,7,26,1,0,0,0,0
319,0,0,0,1,0,0,0,15-10-2014,4,21,1,0,0,0,0
320,0,0,0,0,1,0,0,16-10-2014,2,33,1,0,0,0,0
321,0,0,0,0,0,1,0,17-10-2014,4,16,1,0,0,0,0
322,0,0,0,0,0,0,1,18-10-2014,1,19,1,0,0,0,0
323,1,0,0,0,0,0,0,19-10-2014,3,12,2,0,0,0,0
324,0,1,0,0,0,0,0,20-10-2014,2,9,1,0,0,0,0
325,0,0,1,0,0,0,0,21-10-2014,0,0,0,0,0,0,0
326,0,0,0,1,0,0,0,22-10-2014,1,12,0,0,0,0,0
327,0,0,0,0,1,0,0,23-10-2014,13,1518,62,0,0,1,0
328,0,0,0,0,0,1,0,24-10-2014,7,919,32,0,0,0,0
329,0,0,0,0,0,0,1,25-10-2014,8,273,14,0,0,0,0
330,1,0,0,0,0,0,0,26-10-2014,5,302,13,0,0,0,0
331,0,1,0,0,0,0,0,27-10-2014,18,226,16,0,0,0,0
332,0,0,1,0,0,0,0,28-10-2014,16,144,4,0,0,0,0
333,0,0,0,1,0,0,0,29-10-2014,5,101,2,0,0,0,0
334,0,0,0,0,1,0,0,30-10-2014,4,100,6,0,0,0,0
335,0,0,0,0,0,1,0,31-10-2014,5,41,4,0,0,0,0
336,0,0,0,0,0,0,1,1-11-2014,5,55,2,0,0,0,0
337,1,0,0,0,0,0,0,2-11-2014,3,49,2,0,0,0,0
338,0,1,0,0,0,0,0,3-11-2014,4,103,3,0,0,0,0
339,0,0,1,0,0,0,0,4-11-2014,1,89,0,0,0,0,0
340,0,0,0,1,0,0,0,5-11-2014,6,51,2,0,0,0,0
341,0,0,0,0,1,0,0,6-11-2014,2,41,3,0,0,0,0
342,0,0,0,0,0,1,0,7-11-2014,3,20,3,0,0,0,0
343,0,0,0,0,0,0,1,8-11-2014,3,23,3,0,0,0,0
344,1,0,0,0,0,0,0,9-11-2014,1,64,2,0,0,0,0
345,0,1,0,0,0,0,0,10-11-2014,0,30,1,0,0,0,0
346,0,0,1,0,0,0,0,11-11-2014,2,7,1,0,0,0,0
347,0,0,0,1,0,0,0,12-11-2014,2,26,1,0,0,0,0
348,0,0,0,0,1,0,0,13-11-2014,1,16,1,0,0,0,0
349,0,0,0,0,0,1,0,14-11-2014,2,15,1,0,0,0,0
350,0,0,0,0,0,0,1,15-11-2014,44,181,3,0,0,0,0
351,1,0,0,0,0,0,0,16-11-2014,58,267,4,0,0,0,0
352,0,1,0,0,0,0,0,17-11-2014,24,137,4,0,0,0,0
353,0,0,1,0,0,0,0,18-11-2014,131,490,5,0,0,0,1
354,0,0,0,1,0,0,0,19-11-2014,53,173,6,0,0,0,0
355,0,0,0,0,1,0,0,20-11-2014,26,118,3,0,0,0,0
356,0,0,0,0,0,1,0,21-11-2014,10,77,2,0,0,0,0
357,0,0,0,0,0,0,1,22-11-2014,4,30,0,0,0,0,0
358,1,0,0,0,0,0,0,23-11-2014,5,57,0,0,0,0,0
359,0,1,0,0,0,0,0,24-11-2014,9,42,0,0,0,0,0
360,0,0,1,0,0,0,0,25-11-2014,5,31,1,0,0,0,0
361,0,0,0,1,0,0,0,26-11-2014,6,37,3,0,0,0,0
362,0,0,0,0,1,0,0,27-11-2014,4,38,2,0,0,0,0
363,0,0,0,0,0,1,0,28-11-2014,2,15,0,0,0,0,0
364,0,0,0,0,0,0,1,29-11-2014,0,0,0,0,0,0,0
365,1,0,0,0,0,0,0,30-11-2014,5,23,2,0,0,0,0
366,0,1,0,0,0,0,0,1-12-2014,1,3,0,0,0,0,0
367,0,0,1,0,0,0,0,2-12-2014,3,27,0,0,0,0,0
368,0,0,0,1,0,0,0,3-12-2014,1,5,0,0,0,0,0
369,0,0,0,0,1,0,0,4-12-2014,4,24,0,0,0,0,0
370,0,0,0,0,0,1,0,5-12-2014,1,15,0,0,0,0,0
371,0,0,0,0,0,0,1,6-12-2014,4,10,1,0,0,0,0
372,1,0,0,0,0,0,0,7-12-2014,1,10,1,0,0,0,0
373,0,1,0,0,0,0,0,8-12-2014,1,5,0,0,0,0,0
374,0,0,1,0,0,0,0,9-12-2014,5,28,0,0,0,0,0
375,0,0,0,1,0,0,0,10-12-2014,1,18,0,0,0,0,0
376,0,0,0,0,1,0,0,11-12-2014,1,6,0,0,0,0,0
377,0,0,0,0,0,1,0,12-12-2014,0,1,0,0,0,0,0
378,0,0,0,0,0,0,1,13-12-2014,0,4,0,0,0,0,0
379,1,0,0,0,0,0,0,14-12-2014,0,10,0,0,0,0,0
380,0,1,0,0,0,0,0,15-12-2014,2,6,1,0,0,0,0
381,0,0,1,0,0,0,0,16-12-2014,1,4,0,0,0,0,0
382,0,0,0,1,0,0,0,17-12-2014,2,6,0,0,0,0,0
383,0,0,0,0,1,0,0,18-12-2014,1,6,0,0,0,0,0
384,0,0,0,0,0,1,0,19-12-2014,0,4,0,0,0,0,0
385,0,0,0,0,0,0,1,20-12-2014,1,16,1,0,0,0,0
386,1,0,0,0,0,0,0,21-12-2014,0,0,0,0,0,0,0
387,0,1,0,0,0,0,0,22-12-2014,1,5,0,0,0,0,0
388,0,0,1,0,0,0,0,23-12-2014,1,4,0,0,0,0,0
389,0,0,0,1,0,0,0,24-12-2014,0,3,0,0,0,0,0
390,0,0,0,0,1,0,0,25-12-2014,2,14,0,0,0,0,0
391,0,0,0,0,0,1,0,26-12-2014,0,1,0,0,0,0,0
392,0,0,0,0,0,0,1,27-12-2014,0,4,0,0,0,0,0
393,1,0,0,0,0,0,0,28-12-2014,1,1,0,0,0,0,0
394,0,1,0,0,0,0,0,29-12-2014,0,3,1,0,0,0,0
395,0,0,1,0,0,0,0,30-12-2014,3,9,0,0,0,0,0
396,0,0,0,1,0,0,0,31-12-2014,1,4,1,0,0,0,0
397,0,0,0,0,1,0,0,1-1-2015,1,4,0,0,0,0,0
398,0,0,0,0,0,1,0,2-1-2015,2,3,0,0,0,0,0
399,0,0,0,0,0,0,1,3-1-2015,0,1,1,0,0,0,0
400,1,0,0,0,0,0,0,4-1-2015,5,12,1,0,0,0,0
401,0,1,0,0,0,0,0,5-1-2015,1,7,0,0,0,0,0
402,0,0,1,0,0,0,0,6-1-2015,2,2,0,0,0,0,0
403,0,0,0,1,0,0,0,7-1-2015,1,9,2,0,0,0,0
404,0,0,0,0,1,0,0,8-1-2015,1,12,3,0,0,0,0
405,0,0,0,0,0,1,0,9-1-2015,2,10,0,0,0,0,0
406,0,0,0,0,0,0,1,10-1-2015,1,2,0,0,0,0,0
407,1,0,0,0,0,0,0,11-1-2015,3,18,1,0,0,0,0
408,0,1,0,0,0,0,0,12-1-2015,2,26,0,0,0,0,0
409,0,0,1,0,0,0,0,13-1-2015,1,6,0,0,0,0,0
410,0,0,0,1,0,0,0,14-1-2015,0,0,0,0,0,0,0
411,0,0,0,0,1,0,0,15-1-2015,1,5,0,0,0,0,0
412,0,0,0,0,0,1,0,16-1-2015,0,0,0,0,0,0,0